comment,rating
"鍋は軽くて使いやすいですが、値段が少し高いと感じました",4
"コーティングがすぐ剥がれてしまった。残念です",2
"デザインがとても可愛くて気に入っています",5
"思ったより小さかったです。サイズ表記をもっと分かりやすくしてほしい",3
"焦げ付かなくて料理が楽になりました。買ってよかった",5
"値段の割に品質が良いと思います",4
"取っ手が熱くなりやすいので注意が必要",3
"配送が早くて助かりました。商品も問題なし",5
"使い始めて一週間でコーティングに傷がつきました",2
"軽いので女性でも扱いやすいです",4
"色がイメージと違った。写真より暗い感じ",3
"IH対応で便利。毎日使っています",5
"お手入れが簡単で気に入っています",4
"少し重いかな。でも品質はしっかりしている",3
"カスタマーサポートの対応が丁寧で良かった",5
"価格がもう少し安ければ完璧",4
"洗いやすくて衛生的です",5
"届いた時に少し傷があった。交換してもらえた",3
"コスパが良くて初心者にもおすすめ",5
"フタが少し閉めにくいです",3
"プレゼントに買いました。喜んでもらえました",5
"思っていた通りの商品でした。満足です",4
"焦げ付きやすくなってきた気がする",2
"見た目もおしゃれでキッチンが明るくなった",5
"説明書が分かりにくかった",3
